{"v":"5.3.4","fr":24,"ip":0,"op":60,"w":113,"h":110,"nm":"Instagram_108","ddd":0,"assets":[],"layers":[{"ddd":0,"ind":1,"ty":4,"nm":"Shape Layer 2","parent":7,"sr":1,"ks":{"o":{"a":0,"k":100,"ix":11},"r":{"a":0,"k":0,"ix":10},"p":{"a":0,"k":[0,0,0],"ix":2},"a":{"a":0,"k":[0,0,0],"ix":1},"s":{"a":0,"k":[178.571,178.571,100],"ix":6}},"ao":0,"shapes":[{"ty":"gr","it":[{"ind":0,"ty":"sh","ix":1,"ks":{"a":1,"k":[{"i":{"x":0,"y":1},"o":{"x":0.333,"y":0},"n":"0_1_0p333_0","t":3,"s":[{"i":[[0,0],[-1.411,0],[0,-10.514],[0,-14.672],[8.252,0],[0,0]],"o":[[0,0],[2.027,0],[0,15.861],[0,4.453],[-1.499,0],[0,0]],"v":[[-0.408,-33.625],[19.486,-33.625],[34.359,-19.361],[34.356,21.797],[18.29,34.625],[-0.938,34.625]],"c":false}],"e":[{"i":[[0,0],[-1.411,0],[0,-10.514],[0,-14.672],[8.252,0],[0,0]],"o":[[0,0],[2.027,0],[0,15.861],[0,4.453],[-1.499,0],[0,0]],"v":[[-0.408,-33.625],[40.144,-33.625],[55.018,-19.361],[55.015,21.797],[38.949,34.625],[-0.938,34.625]],"c":false}]},{"i":{"x":0.667,"y":1},"o":{"x":1,"y":0},"n":"0p667_1_1_0","t":17,"s":[{"i":[[0,0],[-1.411,0],[0,-10.514],[0,-14.672],[8.252,0],[0,0]],"o":[[0,0],[2.027,0],[0,15.861],[0,4.453],[-1.499,0],[0,0]],"v":[[-0.408,-33.625],[40.144,-33.625],[55.018,-19.361],[55.015,21.797],[38.949,34.625],[-0.938,34.625]],"c":false}],"e":[{"i":[[0,0],[-1.411,0],[0,-10.514],[0,-14.672],[8.252,0],[0,0]],"o":[[0,0],[2.027,0],[0,15.861],[0,4.453],[-1.499,0],[0,0]],"v":[[-0.408,-33.625],[40.144,-33.625],[55.018,-19.361],[55.015,21.797],[38.949,34.625],[-0.938,34.625]],"c":false}]},{"i":{"x":0.667,"y":1},"o":{"x":0.333,"y":0},"n":"0p667_1_0p333_0","t":23,"s":[{"i":[[0,0],[-1.411,0],[0,-10.514],[0,-14.672],[8.252,0],[0,0]],"o":[[0,0],[2.027,0],[0,15.861],[0,4.453],[-1.499,0],[0,0]],"v":[[-0.408,-33.625],[40.144,-33.625],[55.018,-19.361],[55.015,21.797],[38.949,34.625],[-0.938,34.625]],"c":false}],"e":[{"i":[[0,0],[-1.411,0],[0,-10.514],[0,-14.672],[8.252,0],[0,0]],"o":[[0,0],[2.027,0],[0,15.861],[0,4.453],[-1.499,0],[0,0]],"v":[[-0.408,-33.625],[19.486,-33.625],[34.359,-19.361],[34.356,21.797],[18.29,34.625],[-0.938,34.625]],"c":false}]},{"t":32}],"ix":2},"nm":"Path 1","mn":"ADBE Vector Shape - Group","hd":false},{"ty":"st","c":{"a":0,"k":[0.070588235294,0.074509803922,0.192156877705,1],"ix":3},"o":{"a":0,"k":100,"ix":4},"w":{"a":0,"k":6,"ix":5},"lc":1,"lj":1,"ml":4,"ml2":{"a":0,"k":4,"ix":8},"nm":"Stroke 1","mn":"ADBE Vector Graphic - Stroke","hd":false},{"ty":"tr","p":{"a":0,"k":[0,0],"ix":2},"a":{"a":0,"k":[0,0],"ix":1},"s":{"a":0,"k":[100,100],"ix":3},"r":{"a":0,"k":0,"ix":6},"o":{"a":0,"k":100,"ix":7},"sk":{"a":0,"k":0,"ix":4},"sa":{"a":0,"k":0,"ix":5},"nm":"Transform"}],"nm":"Shape 1","np":2,"cix":2,"ix":1,"mn":"ADBE Vector Group","hd":false}],"ip":3,"op":33,"st":0,"bm":0},{"ddd":0,"ind":2,"ty":4,"nm":"Shape Layer 1","parent":7,"sr":1,"ks":{"o":{"a":0,"k":100,"ix":11},"r":{"a":0,"k":0,"ix":10},"p":{"a":0,"k":[0,0,0],"ix":2},"a":{"a":0,"k":[0,0,0],"ix":1},"s":{"a":0,"k":[178.571,178.571,100],"ix":6}},"ao":0,"shapes":[{"ty":"gr","it":[{"ind":0,"ty":"sh","ix":1,"ks":{"a":1,"k":[{"i":{"x":0.667,"y":1},"o":{"x":0.333,"y":0},"n":"0p667_1_0p333_0","t":3,"s":[{"i":[[0,0],[-0.667,0],[0,-13.313],[4.25,0],[0,0]],"o":[[0,0],[5.875,0],[0,11.938],[-0.708,0],[0,0]],"v":[[-0.688,-15.75],[0,-15.75],[16,0.375],[0,16.5],[-0.938,16.5]],"c":false}],"e":[{"i":[[0,0],[-0.667,0],[0,-13.313],[4.25,0],[0,0]],"o":[[0,0],[5.875,0],[0,11.938],[-0.708,0],[0,0]],"v":[[-37.131,-15.75],[0,-15.75],[16,0.375],[0,16.5],[-37.218,16.5]],"c":false}]},{"i":{"x":0.667,"y":1},"o":{"x":0.333,"y":0},"n":"0p667_1_0p333_0","t":10,"s":[{"i":[[0,0],[-0.667,0],[0,-13.313],[4.25,0],[0,0]],"o":[[0,0],[5.875,0],[0,11.938],[-0.708,0],[0,0]],"v":[[-37.131,-15.75],[0,-15.75],[16,0.375],[0,16.5],[-37.218,16.5]],"c":false}],"e":[{"i":[[0,0],[-0.667,0],[0,-13.313],[4.25,0],[0,0]],"o":[[0,0],[5.875,0],[0,11.938],[-0.708,0],[0,0]],"v":[[-35.29,-15.75],[0,-15.75],[16,0.375],[0,16.5],[-35.377,16.5]],"c":false}]},{"i":{"x":0.667,"y":1},"o":{"x":0.333,"y":0},"n":"0p667_1_0p333_0","t":12,"s":[{"i":[[0,0],[-0.667,0],[0,-13.313],[4.25,0],[0,0]],"o":[[0,0],[5.875,0],[0,11.938],[-0.708,0],[0,0]],"v":[[-35.29,-15.75],[0,-15.75],[16,0.375],[0,16.5],[-35.377,16.5]],"c":false}],"e":[{"i":[[0,0],[-0.667,0],[0,-13.313],[4.25,0],[0,0]],"o":[[0,0],[5.875,0],[0,11.938],[-0.708,0],[0,0]],"v":[[-35.29,-15.75],[0,-15.75],[16,0.375],[0,16.5],[-35.377,16.5]],"c":false}]},{"i":{"x":0.667,"y":1},"o":{"x":0.333,"y":0},"n":"0p667_1_0p333_0","t":24,"s":[{"i":[[0,0],[-0.667,0],[0,-13.313],[4.25,0],[0,0]],"o":[[0,0],[5.875,0],[0,11.938],[-0.708,0],[0,0]],"v":[[-35.29,-15.75],[0,-15.75],[16,0.375],[0,16.5],[-35.377,16.5]],"c":false}],"e":[{"i":[[0,0],[-0.667,0],[0,-13.313],[4.25,0],[0,0]],"o":[[0,0],[5.875,0],[0,11.938],[-0.708,0],[0,0]],"v":[[-37.131,-15.75],[0,-15.75],[16,0.375],[0,16.5],[-37.218,16.5]],"c":false}]},{"i":{"x":0.667,"y":1},"o":{"x":0.333,"y":0},"n":"0p667_1_0p333_0","t":26,"s":[{"i":[[0,0],[-0.667,0],[0,-13.313],[4.25,0],[0,0]],"o":[[0,0],[5.875,0],[0,11.938],[-0.708,0],[0,0]],"v":[[-37.131,-15.75],[0,-15.75],[16,0.375],[0,16.5],[-37.218,16.5]],"c":false}],"e":[{"i":[[0,0],[-0.667,0],[0,-13.313],[4.25,0],[0,0]],"o":[[0,0],[5.875,0],[0,11.938],[-0.708,0],[0,0]],"v":[[-0.688,-15.75],[0,-15.75],[16,0.375],[0,16.5],[-0.938,16.5]],"c":false}]},{"t":32}],"ix":2},"nm":"Path 1","mn":"ADBE Vector Shape - Group","hd":false},{"ty":"st","c":{"a":0,"k":[0.070588235294,0.074509803922,0.192156877705,1],"ix":3},"o":{"a":0,"k":100,"ix":4},"w":{"a":0,"k":6,"ix":5},"lc":1,"lj":1,"ml":4,"ml2":{"a":0,"k":4,"ix":8},"nm":"Stroke 1","mn":"ADBE Vector Graphic - Stroke","hd":false},{"ty":"tr","p":{"a":0,"k":[0,0],"ix":2},"a":{"a":0,"k":[0,0],"ix":1},"s":{"a":0,"k":[100,100],"ix":3},"r":{"a":0,"k":0,"ix":6},"o":{"a":0,"k":100,"ix":7},"sk":{"a":0,"k":0,"ix":4},"sa":{"a":0,"k":0,"ix":5},"nm":"Transform"}],"nm":"Shape 1","np":2,"cix":2,"ix":1,"mn":"ADBE Vector Group","hd":false}],"ip":3,"op":33,"st":0,"bm":0},{"ddd":0,"ind":3,"ty":4,"nm":"Warstwa 4","parent":7,"sr":1,"ks":{"o":{"a":0,"k":14,"ix":11},"r":{"a":0,"k":0,"ix":10},"p":{"a":0,"k":[35.937,-35.599,0],"ix":2},"a":{"a":0,"k":[35.937,-35.599,0],"ix":1},"s":{"a":1,"k":[{"t":18,"s":[0,0,100],"h":1},{"t":19,"s":[348,348,100],"h":1},{"t":20,"s":[0,0,100],"h":1},{"t":21,"s":[680,680,100],"h":1},{"t":23,"s":[0,0,100],"h":1}],"ix":6}},"ao":0,"shapes":[{"ty":"gr","it":[{"ind":0,"ty":"sh","ix":1,"ks":{"a":0,"k":{"i":[[0,0]],"o":[[0,0]],"v":[[35.938,-44.398]],"c":false},"ix":2},"nm":"Path 1","mn":"ADBE Vector Shape - Group","hd":false},{"ind":1,"ty":"sh","ix":2,"ks":{"a":0,"k":{"i":[[0,0],[1.632,-1.64],[0,-2.321],[-1.641,-1.64],[-2.313,0],[-1.64,1.633],[0,2.308],[1.641,1.633],[2.32,0]],"o":[[-2.313,0],[-1.645,1.633],[0,2.312],[1.629,1.633],[2.32,0],[1.641,-1.64],[0,-2.321],[-1.633,-1.64],[0,0]],"v":[[35.938,-44.398],[29.723,-41.824],[27.137,-35.597],[29.723,-29.375],[35.938,-26.8],[42.16,-29.375],[44.738,-35.597],[42.16,-41.824],[35.938,-44.398]],"c":true},"ix":2},"nm":"Path 2","mn":"ADBE Vector Shape - Group","hd":false},{"ty":"fl","c":{"a":0,"k":[0.070588235294,0.074509803922,0.192156877705,1],"ix":4},"o":{"a":0,"k":100,"ix":5},"r":1,"nm":"Fill 1","mn":"ADBE Vector Graphic - Fill","hd":false},{"ty":"tr","p":{"a":0,"k":[0,0],"ix":2},"a":{"a":0,"k":[0,0],"ix":1},"s":{"a":0,"k":[100,100],"ix":3},"r":{"a":0,"k":0,"ix":6},"o":{"a":0,"k":100,"ix":7},"sk":{"a":0,"k":0,"ix":4},"sa":{"a":0,"k":0,"ix":5},"nm":"Transform"}],"nm":"Group 1","np":3,"cix":2,"ix":1,"mn":"ADBE Vector Group","hd":false}],"ip":0,"op":120,"st":0,"bm":0},{"ddd":0,"ind":4,"ty":4,"nm":"Warstwa 3","parent":7,"sr":1,"ks":{"o":{"a":0,"k":100,"ix":11},"r":{"a":0,"k":0,"ix":10},"p":{"a":0,"k":[35.937,-35.599,0],"ix":2},"a":{"a":0,"k":[35.937,-35.599,0],"ix":1},"s":{"a":0,"k":[100,100,100],"ix":6}},"ao":0,"shapes":[{"ty":"gr","it":[{"ind":0,"ty":"sh","ix":1,"ks":{"a":0,"k":{"i":[[0,0]],"o":[[0,0]],"v":[[35.938,-44.398]],"c":false},"ix":2},"nm":"Path 1","mn":"ADBE Vector Shape - Group","hd":false},{"ind":1,"ty":"sh","ix":2,"ks":{"a":0,"k":{"i":[[0,0],[1.632,-1.64],[0,-2.321],[-1.641,-1.64],[-2.313,0],[-1.64,1.633],[0,2.308],[1.641,1.633],[2.32,0]],"o":[[-2.313,0],[-1.645,1.633],[0,2.312],[1.629,1.633],[2.32,0],[1.641,-1.64],[0,-2.321],[-1.633,-1.64],[0,0]],"v":[[35.938,-44.398],[29.723,-41.824],[27.137,-35.597],[29.723,-29.375],[35.938,-26.8],[42.16,-29.375],[44.738,-35.597],[42.16,-41.824],[35.938,-44.398]],"c":true},"ix":2},"nm":"Path 2","mn":"ADBE Vector Shape - Group","hd":false},{"ty":"fl","c":{"a":0,"k":[0.070588235294,0.074509803922,0.192156877705,1],"ix":4},"o":{"a":0,"k":100,"ix":5},"r":1,"nm":"Fill 1","mn":"ADBE Vector Graphic - Fill","hd":false},{"ty":"tr","p":{"a":0,"k":[0,0],"ix":2},"a":{"a":0,"k":[0,0],"ix":1},"s":{"a":0,"k":[100,100],"ix":3},"r":{"a":0,"k":0,"ix":6},"o":{"a":0,"k":100,"ix":7},"sk":{"a":0,"k":0,"ix":4},"sa":{"a":0,"k":0,"ix":5},"nm":"Transform"}],"nm":"Group 1","np":3,"cix":2,"ix":1,"mn":"ADBE Vector Group","hd":false}],"ip":0,"op":120,"st":0,"bm":0},{"ddd":0,"ind":5,"ty":4,"nm":"Warstwa 2","parent":7,"sr":1,"ks":{"o":{"a":0,"k":100,"ix":11},"r":{"a":0,"k":0,"ix":10},"p":{"a":1,"k":[{"i":{"x":0.667,"y":1},"o":{"x":0.333,"y":0},"n":"0p667_1_0p333_0","t":3,"s":[0,0,0],"e":[-70.273,0,0],"to":[-11.7121934890747,2.36847585645308e-15,0],"ti":[10.518292427063,-2.36847585645308e-15,0]},{"i":{"x":0.667,"y":1},"o":{"x":0.333,"y":0},"n":"0p667_1_0p333_0","t":10,"s":[-70.273,0,0],"e":[-63.11,0,0],"to":[5.70687294006348,0.22321428358555,0],"ti":[-1.19390046596527,0,0]},{"i":{"x":0.667,"y":0.667},"o":{"x":0.333,"y":0.333},"n":"0p667_0p667_0p333_0p333","t":12,"s":[-63.11,0,0],"e":[-63.11,0,0],"to":[0,0,0],"ti":[0,0,0]},{"i":{"x":0.667,"y":1},"o":{"x":0.333,"y":0},"n":"0p667_1_0p333_0","t":24,"s":[-63.11,0,0],"e":[-70.514,0,0],"to":[-1.23406720161438,0,0],"ti":[10.518292427063,-2.36847585645308e-15,0]},{"i":{"x":0.667,"y":1},"o":{"x":0.333,"y":0},"n":"0p667_1_0p333_0","t":26,"s":[-70.514,0,0],"e":[0,0,0],"to":[5.70687294006348,0.22321428358555,0],"ti":[-11.7523603439331,2.36847585645308e-15,0]},{"t":32}],"ix":2},"a":{"a":0,"k":[0,0,0],"ix":1},"s":{"a":0,"k":[100,100,100],"ix":6}},"ao":0,"shapes":[{"ty":"gr","it":[{"ind":0,"ty":"sh","ix":1,"ks":{"a":0,"k":{"i":[[0,0]],"o":[[0,0]],"v":[[-0.375,23.473]],"c":false},"ix":2},"nm":"Path 1","mn":"ADBE Vector Shape - Group","hd":false},{"ind":1,"ty":"sh","ix":2,"ks":{"a":0,"k":{"i":[[0,0],[0,12.602],[-12.602,0],[0,-12.597],[12.598,0]],"o":[[-12.598,0],[0,-12.597],[12.602,0],[0,12.602],[0,0]],"v":[[-0.375,23.473],[-23.227,0.625],[-0.375,-22.226],[22.477,0.625],[-0.375,23.473]],"c":true},"ix":2},"nm":"Path 2","mn":"ADBE Vector Shape - Group","hd":false},{"ind":2,"ty":"sh","ix":3,"ks":{"a":0,"k":{"i":[[0,0],[0,-19.214],[-19.219,0],[0,19.219],[19.215,0]],"o":[[-19.219,0],[0,19.219],[19.215,0],[0,-19.214],[0,0]],"v":[[-0.375,-34.222],[-35.227,0.625],[-0.375,35.477],[34.477,0.625],[-0.375,-34.222]],"c":true},"ix":2},"nm":"Path 3","mn":"ADBE Vector Shape - Group","hd":false},{"ty":"fl","c":{"a":0,"k":[0.070588235294,0.074509803922,0.192156877705,1],"ix":4},"o":{"a":0,"k":100,"ix":5},"r":1,"nm":"Fill 1","mn":"ADBE Vector Graphic - Fill","hd":false},{"ty":"tr","p":{"a":0,"k":[0,0],"ix":2},"a":{"a":0,"k":[0,0],"ix":1},"s":{"a":0,"k":[100,100],"ix":3},"r":{"a":0,"k":0,"ix":6},"o":{"a":0,"k":100,"ix":7},"sk":{"a":0,"k":0,"ix":4},"sa":{"a":0,"k":0,"ix":5},"nm":"Transform"}],"nm":"Group 1","np":4,"cix":2,"ix":1,"mn":"ADBE Vector Group","hd":false}],"ip":0,"op":120,"st":0,"bm":0},{"ddd":0,"ind":6,"ty":4,"nm":"Warstwa 5","parent":7,"td":1,"sr":1,"ks":{"o":{"a":0,"k":100,"ix":11},"r":{"a":0,"k":0,"ix":10},"p":{"a":1,"k":[{"i":{"x":0.667,"y":1},"o":{"x":0.333,"y":0},"n":"0p667_1_0p333_0","t":3,"s":[0,0,0],"e":[-70.273,0,0],"to":[-11.7121934890747,2.36847585645308e-15,0],"ti":[10.518292427063,-2.36847585645308e-15,0]},{"i":{"x":0.667,"y":1},"o":{"x":0.333,"y":0},"n":"0p667_1_0p333_0","t":10,"s":[-70.273,0,0],"e":[-63.11,0,0],"to":[5.70687294006348,0.22321428358555,0],"ti":[-1.19390046596527,0,0]},{"i":{"x":0.667,"y":0.667},"o":{"x":0.333,"y":0.333},"n":"0p667_0p667_0p333_0p333","t":12,"s":[-63.11,0,0],"e":[-63.11,0,0],"to":[0,0,0],"ti":[0,0,0]},{"i":{"x":0.667,"y":1},"o":{"x":0.333,"y":0},"n":"0p667_1_0p333_0","t":24,"s":[-63.11,0,0],"e":[-70.514,0,0],"to":[-1.23406720161438,0,0],"ti":[10.518292427063,-2.36847585645308e-15,0]},{"i":{"x":0.667,"y":1},"o":{"x":0.333,"y":0},"n":"0p667_1_0p333_0","t":26,"s":[-70.514,0,0],"e":[0,0,0],"to":[5.70687294006348,0.22321428358555,0],"ti":[-11.7523603439331,2.36847585645308e-15,0]},{"t":32}],"ix":2},"a":{"a":0,"k":[0,0,0],"ix":1},"s":{"a":0,"k":[100,100,100],"ix":6}},"ao":0,"shapes":[{"ty":"gr","it":[{"ind":0,"ty":"sh","ix":1,"ks":{"a":0,"k":{"i":[[0,0]],"o":[[0,0]],"v":[[-0.375,23.473]],"c":false},"ix":2},"nm":"Path 1","mn":"ADBE Vector Shape - Group","hd":false},{"ind":1,"ty":"sh","ix":2,"ks":{"a":0,"k":{"i":[[0,0],[0,-19.214],[-19.219,0],[0,19.219],[19.215,0]],"o":[[-19.219,0],[0,19.219],[19.215,0],[0,-19.214],[0,0]],"v":[[-0.375,-34.222],[-35.227,0.625],[-0.375,35.477],[34.477,0.625],[-0.375,-34.222]],"c":true},"ix":2},"nm":"Path 3","mn":"ADBE Vector Shape - Group","hd":false},{"ty":"fl","c":{"a":0,"k":[0.070588235294,0.074509803922,0.192156877705,1],"ix":4},"o":{"a":0,"k":100,"ix":5},"r":1,"nm":"Fill 1","mn":"ADBE Vector Graphic - Fill","hd":false},{"ty":"tr","p":{"a":0,"k":[0,0],"ix":2},"a":{"a":0,"k":[0,0],"ix":1},"s":{"a":0,"k":[100,100],"ix":3},"r":{"a":0,"k":0,"ix":6},"o":{"a":0,"k":100,"ix":7},"sk":{"a":0,"k":0,"ix":4},"sa":{"a":0,"k":0,"ix":5},"nm":"Transform"}],"nm":"Group 1","np":3,"cix":2,"ix":1,"mn":"ADBE Vector Group","hd":false}],"ip":0,"op":120,"st":0,"bm":0},{"ddd":0,"ind":7,"ty":4,"nm":"Warstwa 1","parent":8,"tt":2,"sr":1,"ks":{"o":{"a":0,"k":100,"ix":11},"r":{"a":0,"k":0,"ix":10},"p":{"a":1,"k":[{"i":{"x":0.833,"y":0.833},"o":{"x":0.167,"y":0.167},"n":"0p833_0p833_0p167_0p167","t":0,"s":[60,60,0],"e":[57,60,0],"to":[-0.5,0,0],"ti":[1.25,0,0]},{"i":{"x":0.09,"y":1},"o":{"x":0.167,"y":0.167},"n":"0p09_1_0p167_0p167","t":3,"s":[57,60,0],"e":[72,60,0],"to":[2,0,0],"ti":[-2.5,0,0]},{"i":{"x":0.09,"y":0.09},"o":{"x":0.91,"y":0.91},"n":"0p09_0p09_0p91_0p91","t":17,"s":[72,60,0],"e":[72,60,0],"to":[0,0,0],"ti":[0,0,0]},{"i":{"x":0.667,"y":1},"o":{"x":0.357,"y":0},"n":"0p667_1_0p357_0","t":23,"s":[72,60,0],"e":[58.25,60,0],"to":[-2.29166674613953,0,0],"ti":[2,0,0]},{"i":{"x":0.659,"y":0.794},"o":{"x":0.297,"y":0},"n":"0p659_0p794_0p297_0","t":32,"s":[58.25,60,0],"e":[61.146,59.986,0],"to":[0.32538467645645,0.08134616911411,0],"ti":[-0.37958461046219,-0.0013086036779,0]},{"i":{"x":0.22,"y":1},"o":{"x":0.425,"y":0.939},"n":"0p22_1_0p425_0p939","t":35,"s":[61.146,59.986,0],"e":[60,60,0],"to":[-0.77551275491714,0.00271310890093,0],"ti":[-0.33730766177177,0,0]},{"t":40}],"ix":2},"a":{"a":0,"k":[0,0,0],"ix":1},"s":{"a":1,"k":[{"i":{"x":[0.09,0.09,0.09],"y":[1,1,1]},"o":{"x":[0.167,0.167,0.167],"y":[0.167,0,0]},"n":["0p09_1_0p167_0p167","0p09_1_0p167_0","0p09_1_0p167_0"],"t":3,"s":[56,56,100],"e":[41,56,100]},{"i":{"x":[0.09,0.09,0.09],"y":[1,1,1]},"o":{"x":[0.91,0.91,0.91],"y":[0,0,0]},"n":["0p09_1_0p91_0","0p09_1_0p91_0","0p09_1_0p91_0"],"t":17,"s":[41,56,100],"e":[41,56,100]},{"i":{"x":[0.667,0.667,0.667],"y":[1,1,1]},"o":{"x":[0.357,0.91,0.91],"y":[0,0,0]},"n":["0p667_1_0p357_0","0p667_1_0p91_0","0p667_1_0p91_0"],"t":23,"s":[41,56,100],"e":[56,56,100]},{"t":32}],"ix":6}},"ao":0,"shapes":[{"ty":"gr","it":[{"ind":0,"ty":"sh","ix":1,"ks":{"a":0,"k":{"i":[[0,0]],"o":[[0,0]],"v":[[55.25,30.926]],"c":false},"ix":2},"nm":"Path 1","mn":"ADBE Vector Shape - Group","hd":false},{"ind":1,"ty":"sh","ix":2,"ks":{"a":0,"k":{"i":[[0,0],[13.965,0],[0,0],[0,13.965],[0,0],[-13.965,0],[0,0],[0,-13.965]],"o":[[0,13.965],[0,0],[-13.965,0],[0,0],[0,-13.965],[0,0],[13.965,0],[0,0]],"v":[[55.25,30.926],[29.926,56.25],[-30.676,56.25],[-56,30.926],[-56,-29.675],[-30.676,-55],[29.926,-55],[55.25,-29.675]],"c":true},"ix":2},"nm":"Path 2","mn":"ADBE Vector Shape - Group","hd":false},{"ind":2,"ty":"sh","ix":3,"ks":{"a":0,"k":{"i":[[0,0],[0,0],[0,-20.582],[0,0],[-20.582,0],[0,0],[0,20.578],[0,0],[20.582,0]],"o":[[0,0],[-20.582,0],[0,0],[0,20.582],[0,0],[20.582,0],[0,0],[0,-20.582],[0,0]],"v":[[29.926,-67],[-30.676,-67],[-68,-29.675],[-68,30.926],[-30.676,68.25],[29.926,68.25],[67.25,30.926],[67.25,-29.675],[29.926,-67]],"c":true},"ix":2},"nm":"Path 3","mn":"ADBE Vector Shape - Group","hd":false},{"ty":"fl","c":{"a":0,"k":[0.070588235294,0.074509803922,0.192156877705,1],"ix":4},"o":{"a":0,"k":100,"ix":5},"r":1,"nm":"Fill 1","mn":"ADBE Vector Graphic - Fill","hd":false},{"ty":"tr","p":{"a":0,"k":[0,0],"ix":2},"a":{"a":0,"k":[0,0],"ix":1},"s":{"a":0,"k":[100,100],"ix":3},"r":{"a":0,"k":0,"ix":6},"o":{"a":0,"k":100,"ix":7},"sk":{"a":0,"k":0,"ix":4},"sa":{"a":0,"k":0,"ix":5},"nm":"Transform"}],"nm":"Group 1","np":4,"cix":2,"ix":1,"mn":"ADBE Vector Group","hd":false}],"ip":0,"op":120,"st":0,"bm":0},{"ddd":0,"ind":8,"ty":3,"nm":"NULL CONTROL","sr":1,"ks":{"o":{"a":0,"k":0,"ix":11},"r":{"a":1,"k":[{"i":{"x":[0],"y":[1]},"o":{"x":[0.167],"y":[0.167]},"n":["0_1_0p167_0p167"],"t":3,"s":[0],"e":[32]},{"i":{"x":[0.667],"y":[1]},"o":{"x":[1],"y":[0]},"n":["0p667_1_1_0"],"t":17,"s":[32],"e":[32]},{"i":{"x":[0.667],"y":[1]},"o":{"x":[0.333],"y":[0]},"n":["0p667_1_0p333_0"],"t":23,"s":[32],"e":[0]},{"t":32}],"ix":10},"p":{"a":1,"k":[{"i":{"x":0,"y":1},"o":{"x":0.167,"y":0.167},"n":"0_1_0p167_0p167","t":3,"s":[56.5,55,0],"e":[41.5,43.25,0],"to":[-2.5,-1.95833337306976,0],"ti":[2.5,1.95833337306976,0]},{"i":{"x":0.667,"y":0.667},"o":{"x":1,"y":1},"n":"0p667_0p667_1_1","t":17,"s":[41.5,43.25,0],"e":[41.5,43.25,0],"to":[0,0,0],"ti":[0,0,0]},{"i":{"x":0.667,"y":1},"o":{"x":0.333,"y":0},"n":"0p667_1_0p333_0","t":23,"s":[41.5,43.25,0],"e":[56.5,55,0],"to":[2.5,1.95833337306976,0],"ti":[-2.5,-1.95833337306976,0]},{"t":32}],"ix":2},"a":{"a":0,"k":[60,60,0],"ix":1},"s":{"a":0,"k":[100,100,100],"ix":6}},"ao":0,"ip":0,"op":120,"st":0,"bm":0}],"markers":[{"tm":3,"cm":"1","dr":0},{"tm":7,"cm":"2","dr":0},{"tm":11,"cm":"3","dr":0},{"tm":15,"cm":"4","dr":0}]}